acc,biggan,dalle3,diffusionprojectedGAN,proGAN,stable_diffusion_1,AVG
clipdet_latent10k_plus_global,0.575,0.55,0.9,0.9,0.625,0.71
clipdet_latent10k_plus_local,0.53125,0.55625,0.55625,0.55625,0.55625,0.5512499999999999
clipdet_latent10k_plus_fusiongl,0.53125,0.55625,0.55625,0.55625,0.55625,0.5512499999999999
clipdet_latent10k_plus,0.53125,0.55625,0.55625,0.55625,0.55625,0.5512499999999999
Corvi2023,0.525,1.0,0.65,0.5,1.0,0.735
clipdet_latent10k_plus_fusion_soft_or,0.5875,0.6125,0.6125,0.6125,0.6125,0.6075000000000002
clipdet_latent10k_plus_fusion_weighted,0.54375,0.61875,0.86875,0.86875,0.66875,0.7137499999999999
fusion,0.625,0.625,0.625,0.625,0.625,0.625
