auc,biggan,dalle3,diffusionprojectedGAN,proGAN,stable_diffusion_1,AVG
clipdet_latent10k_plus_global,0.6643749999999999,0.7606249999999999,0.979375,0.9725,0.7899999999999999,0.833375
clipdet_latent10k_plus_local,0.6696875,0.580625,0.8906250000000001,0.8518749999999999,0.650625,0.7286875
clipdet_latent10k_plus_fusiongl,0.69875,0.57875,0.9275,0.9299999999999999,0.6656249999999999,0.7601249999999999
clipdet_latent10k_plus,0.69875,0.57875,0.9275,0.9299999999999999,0.6656249999999999,0.7601249999999999
Corvi2023,0.8912500000000001,1.0,0.9568749999999999,0.68625,1.0,0.906875
clipdet_latent10k_plus_fusion_soft_or,0.688125,0.7025000000000001,0.95125,0.95375,0.759375,0.8109999999999999
clipdet_latent10k_plus_fusion_weighted,0.6525000000000001,0.74,0.964375,0.9568749999999999,0.776875,0.8181249999999999
fusion,0.854375,0.97625,0.9693750000000001,0.92875,0.9762500000000001,0.9410000000000001
